query,name,license,slug,faces,verts,likes,views,author,url,staffpick
roomba,UFO Doodle,CC Attribution,?,54224,30422,489,21189,re1monsen,https://sketchfab.com/3d-models/none-d78d1fff4fdd450791726b3c93a02fdb,False
vacuum cleaner,"""Saturnas"" vacuum cleaner",CC Attribution,?,39454,23633,206,4707,Sergey.Khanin,https://sketchfab.com/3d-models/none-f233571565c5443185a8054a3579e456,False
vacuum cleaner,Art deco сoffee table,CC Attribution,?,2804,1396,201,3457,artius.vens,https://sketchfab.com/3d-models/none-8211bcb3924d44c39b2cb5ef5452b884,False
vacuum cleaner,Vacuum Cleaner,CC Attribution,?,4571,2532,137,9304,rescue3d,https://sketchfab.com/3d-models/none-ff52b849a1c84e7d89a9319977a6cdbc,False
vacuum cleaner,Vacuum Cleaner,CC Attribution,?,1708,892,117,3829,snowykov,https://sketchfab.com/3d-models/none-9043d7516953498ea001f74914e50db8,False
vacuum cleaner,Vacuum cleaner,CC Attribution,?,177914,90492,102,4087,annzep,https://sketchfab.com/3d-models/none-c7fe3bb62ddc42d0afec14551a821242,False
roomba,Doomba,CC Attribution,?,6928,3893,99,12228,TheOminousDuck,https://sketchfab.com/3d-models/none-4ad5546749f54041a382d6313cedc0fc,False
roomba,ULTRAKILL Mirage V2 and V1,CC Attribution-NonCommercial,?,53744,27994,89,8984,Gorgonych,https://sketchfab.com/3d-models/none-0335737c77914875ba8d99187e6ffb98,False
roomba,ULTRAKILL Mirage V1,CC Attribution-NonCommercial,?,27340,14200,85,11543,Gorgonych,https://sketchfab.com/3d-models/none-8c8f62c6edd64399a4076b85642c43e5,False
vacuum cleaner,Robot vacuum cleaner low poly,CC Attribution,?,4678,2413,84,9478,_moryak_,https://sketchfab.com/3d-models/none-7230d8d80e8b4a82b4a34a5e7926d0d3,False
vacuum cleaner,Vacuum cleaner,CC Attribution,?,116239,59530,81,6427,Annelida,https://sketchfab.com/3d-models/none-517f47880b1643abb2af70a169d16912,False
vacuum cleaner,XIAOMI Robot Vacuum X10+,CC Attribution,?,635509,320220,67,6815,eltayerkebulan,https://sketchfab.com/3d-models/none-47a9b14156cc4f48b2e9113b58c288ad,False
vacuum cleaner,Vacuumed Cleaner,CC Attribution,?,152169,77326,53,4519,Panda_..,https://sketchfab.com/3d-models/none-f5739f98cabd4a6fa15b795cb8fb7f42,False
vacuum cleaner,Vacuum Cleaner,CC Attribution,?,20585,11273,53,8581,kikumi,https://sketchfab.com/3d-models/none-bc4f9e3319ec4a2f8fc6d0b5aa99b4cb,False
vacuum cleaner,Vacuum Cleaner,CC Attribution,?,125019,64138,52,2115,topfrank2013,https://sketchfab.com/3d-models/none-7db9deabf64240c5af640cdcc306ceb5,False
henry hoover,Henry Vacuum,CC Attribution,?,14146,7663,51,5166,rhcreations,https://sketchfab.com/3d-models/none-bcce152afa354120a5a92813bf807f2e,False
vacuum cleaner,Mega Maid 5km From Spaceballs 1987,CC Attribution,?,78751,38816,48,3936,Binkley-Piratepants,https://sketchfab.com/3d-models/none-89b560195b9c408e8e2256e5e539d724,False
dyson vacuum,Upright Dyson Vacuum Cleaner,CC Attribution,?,16274,8193,42,6663,rhcreations,https://sketchfab.com/3d-models/none-26354cd6800744289bc1754cab8dbd4b,False
vacuum cleaner,Vacuum Cleaner,Free Standard,?,60686,31359,40,4148,assetfactory,https://sketchfab.com/3d-models/none-3082d09491024630a0bb3fba3a94a067,False
kirby vacuum,Kirby - The Brave Little Toaster,CC Attribution,?,51700,25886,37,2160,fawfulthegreat64,https://sketchfab.com/3d-models/none-05cb067a49ef497f93a68acc2f4671a0,False
vacuum cleaner,Robot Vacuum Cleaner,CC Attribution,?,2800,1518,34,7270,GeniusPilot2016,https://sketchfab.com/3d-models/none-d850de3997934dee8c63efa41ec1dea3,False
vacuum cleaner,3-2-1 Penguins! Props And Vacuums,CC Attribution,?,2287678,1153545,32,3719,321Blender,https://sketchfab.com/3d-models/none-38cd5b1462dc491e809e787b321844d2,False
roomba,Roomba,CC Attribution,?,540,299,31,2190,Macwithav,https://sketchfab.com/3d-models/none-94800ce82fe440d3868d53dd908a8836,False
robot vacuum,Toony Vintage Robot Character,CC Attribution,?,90610,45853,29,776,battlestoriesfan,https://sketchfab.com/3d-models/none-0b66ea46d2a44162bc32b5fb6111d9b1,False
vacuum cleaner,Robot vacuum Cleaner Rob-vac,CC Attribution,?,4476,2676,28,8642,darkfrei,https://sketchfab.com/3d-models/none-7d904c05d4204d19a2940d9d6f21ef8d,False
vacuum cleaner,Vacuum CLEANER,CC Attribution-NonCommercial-ShareAlike,?,25986,7518,28,1047,sergeykuchmin,https://sketchfab.com/3d-models/none-742b4275efa64ce781b9521f2ba38609,False
henry hoover,"Low Poly ""Henry Hoover"" Vacuum Cleaner",CC Attribution,?,504,268,26,2514,TheoClarke,https://sketchfab.com/3d-models/none-9131216e527344e3892b145f884eb58f,False
vacuum cleaner,Robot Cleaner. Made in USSR,CC Attribution,?,10156,5475,24,769,libishoffn,https://sketchfab.com/3d-models/none-eea6e74aa6d64e09a65cad20809d77f4,False
vacuum cleaner,Sixth HM XYZ - A vacuum cleaner,CC Attribution,?,7582,3854,24,2094,nimzuk,https://sketchfab.com/3d-models/none-2531db6c8aaa4775a08f5efdcc1f09f8,False
wet dry vacuum,Vacuum cleaner with three industrial motors,CC Attribution,?,3690882,1849646,23,2600,yalmanpourvatan,https://sketchfab.com/3d-models/none-f6d54efbdb1e4681a0b8b1a749df002d,False
robot vacuum,RoboCatVac,CC Attribution,?,13256,6915,21,332,Koalas,https://sketchfab.com/3d-models/none-db19a09a9aa94fdd8346dbf78cb6d8f5,False
roomba,roomba protogen,CC Attribution,?,1448,759,20,1132,Gamer_pro,https://sketchfab.com/3d-models/none-811273721b6a4b47a45e996943272765,False
electrolux vacuum,Electrolux model XI vacuum cleaner,CC Attribution-NonCommercial-ShareAlike,?,180357,90856,20,1059,mitkrakow,https://sketchfab.com/3d-models/none-9c5ebc8119cf4aaab4554d99d4d20d82,False
roomba,Roomba Low Poly / Vacuum Cleaner,CC Attribution,?,32326,18531,18,4165,elkinmatvey,https://sketchfab.com/3d-models/none-4fff076d04da413da55109a4e92e7b53,False
robot vacuum,Draft of assets with color pallets,CC Attribution,?,69554,36747,18,378,mila3d,https://sketchfab.com/3d-models/none-116ee66010f84d25b56af6e6c9b5b6e0,False
robot vacuum,Xiaomi Robot Mop - Automatic Vacuum Cleaner,CC Attribution,?,2836,1746,18,4027,Kaktus.,https://sketchfab.com/3d-models/none-01c808d0ab9f44e184ef3005cf0fe82d,False
roomba,Oculus home- moving roomba,CC Attribution,?,646,331,17,2547,pacocoart,https://sketchfab.com/3d-models/none-b2090d8f0c5444abafeafd32dd2a67a2,False
upright vacuum,Powerbrush vacuum cleaner,CC Attribution,?,2941,1559,17,1583,gund,https://sketchfab.com/3d-models/none-2f791e3ef8be4889b5393a9561ead5ba,False
roomba,retro cyberpunk robot vacume,CC Attribution,?,26053,14043,15,392,fsclodfelter,https://sketchfab.com/3d-models/none-31b5c28177f746c7ba212c61c043bbab,False
hoover vacuum cleaner,XYZ school HW4 secondary forms,CC Attribution,?,59829,34218,15,1117,Dubikat,https://sketchfab.com/3d-models/none-84ed4aa62419427a9027ecf6bb6eb2e3,False
roomba,Scooter Shark,CC Attribution,?,246408,133949,14,669,mtrmagickey,https://sketchfab.com/3d-models/none-aef67eabcf9343a0adceeb797619c669,False
hoover vacuum cleaner,Old Vacuum Cleaner,CC Attribution,?,31104,15832,13,842,mobius_1,https://sketchfab.com/3d-models/none-5dd4dda1882348c5a4d32702b73299bd,False
roomba,Stone Monster - Richard,CC Attribution,?,7678,4280,10,1003,xxxaaa444,https://sketchfab.com/3d-models/none-6c6efbf8942c4a9bb35d6ef8bbb0d71d,False
robot vacuum,QT,CC Attribution,?,21638,11708,10,454,Modelrom,https://sketchfab.com/3d-models/none-1a785615f42d4ec0ab4fc85f6af20f6e,False
robot vacuum,Smart robot vacuum cleaner,CC Attribution,?,1252,786,10,8430,sam_petux,https://sketchfab.com/3d-models/none-b9d3db38b3e6476aaf6f8716911a3f30,False
roomba,Low-poly Roomba,CC Attribution,?,888,464,9,2027,Seats,https://sketchfab.com/3d-models/none-be32b697116f4c70971da8c53b3b6653,False
electrolux vacuum,Vacuum cleaner,CC Attribution,?,84348,42809,9,737,nguyentrongtam1998,https://sketchfab.com/3d-models/none-4d049af131f24e2da75d592d9c6451cd,False
robot vacuum,Xiaomi Vacuum,CC Attribution,?,90558,45813,8,442,joan151006,https://sketchfab.com/3d-models/none-61ff60fa879d434bb8a227c12ac9c198,False
robot vacuum,MUSKONGE_N24T6N23S6001,CC Attribution,?,56353,29738,7,1046,MOUSIOON,https://sketchfab.com/3d-models/none-2ec7e66ddf1349169487bc356a74d07b,False
robot vacuum,Evil vacuum cleaner robot,CC Attribution,?,2846,1445,7,300,saltoc,https://sketchfab.com/3d-models/none-67e2d26d4f754e07877159bf2d744bce,False
robot vacuum,Plumber Kart RC Model Showcase,CC Attribution,?,14568,27603,7,405,CR4YCR4Y,https://sketchfab.com/3d-models/none-71a14ec7b21a447693b15df899cba438,False
dyson vacuum,MMU 10090,CC Attribution,?,3518,1759,6,896,CollectedParts,https://sketchfab.com/3d-models/none-fa33b417af9b41f3a9f589010de609f8,False
electrolux vacuum,MMU 10096,CC Attribution,?,8927,4609,5,287,CollectedParts,https://sketchfab.com/3d-models/none-82a3b8f95aca48ee93f9c7601678b28e,False
robot vacuum,Xiaomi Mi Robot Vacuum Cleaner,CC Attribution,?,62960,32777,5,1374,tonielpro520,https://sketchfab.com/3d-models/none-f5e4cdf09bc84305b6dd0e5e5316db61,False
robot vacuum,robot vacuum,CC Attribution,?,11116,5578,5,115,chiun905062,https://sketchfab.com/3d-models/none-c3178b2050ba42c0b169eeb84b80479c,False
robot vacuum,Robot vacuum cleaner,CC Attribution,?,114344,58655,5,668,lionposition,https://sketchfab.com/3d-models/none-83797262f5e44cbf8662913d481bad05,False
roomba,Roomba from Poly by Google,CC Attribution,?,19992,10160,4,696,ie-niels,https://sketchfab.com/3d-models/none-a3b4d52293614b018afb2aa2dd9b4654,False
robot vacuum,Vacuum Cleaner,CC Attribution,?,784,400,4,524,yni-viar,https://sketchfab.com/3d-models/none-ad289efad72f461c90d05dc5f084b517,False
robot vacuum,Робот-пылесос / Robot vacuum cleaner,CC Attribution,?,133977,68530,4,3663,mishauriku2008,https://sketchfab.com/3d-models/none-4c57286b98844d00923ef04563e02a99,False
dyson vacuum,upright_dyson_vacuum_cleaner,CC Attribution,?,16267,8193,3,82,tech.service.allwe,https://sketchfab.com/3d-models/none-c761c146f00e47bda4af9c647d4aa0ee,False
dyson vacuum,Dyson V10 Absolute (Scaniverse LIDAR),CC Attribution,?,117162,58909,3,1724,db4,https://sketchfab.com/3d-models/none-06503100aed24775b8b3274bf83d0bca,False
roomba,Augustus Roomba,CC Attribution-NonCommercial,?,6124,3219,3,97,BunnyGameTW,https://sketchfab.com/3d-models/none-0b6017eee4a4422197fe0dfb78f2366b,False
roomba,Mouse Droid,CC Attribution,?,30468,15300,3,262,ChipinDip5674,https://sketchfab.com/3d-models/none-283b659d0bf8466f939c858377bdf994,False
roomba,roomba,CC Attribution,?,5888,3102,3,1659,lillianmazanek,https://sketchfab.com/3d-models/none-16509583bde6415a80734c2407c31956,False
roomba,Opossum On A Roomba,CC Attribution,?,42304,21142,3,150,Notsmarts,https://sketchfab.com/3d-models/none-40839458d00c4839abffdf6aea050fbd,False
roomba,Simple Roomba,CC Attribution,?,7304,3672,3,605,shaunansari,https://sketchfab.com/3d-models/none-343c89cc00734a7396a9ff250fbdb2db,False
robot vacuum,MMU 10094,CC Attribution,?,1376,688,3,90,CollectedParts,https://sketchfab.com/3d-models/none-dbf0d9d3ccbc4a118e60613c46ac8bb9,False
roomba,Protogen Roomba,CC Attribution,?,1404,735,2,5,PlushStorm,https://sketchfab.com/3d-models/none-d54f10c5fc2c4a5987b3801c3b8b1c03,False
roomba,Cepillo limpiador iRobot Roomba,CC Attribution,?,17136,8566,2,69,OscarDm,https://sketchfab.com/3d-models/none-e823e9294c05459e8c7bc64fec217937,False
roomba,Best Cat Goes For A Ride,CC Attribution,?,12244,5871,2,342,CR4YCR4Y,https://sketchfab.com/3d-models/none-48be82f394f5420aa4ae91828dbb4f32,False
roomba,Roomba S9 Plus Bottom,CC Attribution,?,55464,28257,2,929,thedeserttabernacle,https://sketchfab.com/3d-models/none-b1f18148440a457caa7cc93bc9d812bf,False
henry hoover,Henry Hoover,CC Attribution,?,41780,28044,2,320,juliegraham178,https://sketchfab.com/3d-models/none-6219d849376a4e30bf0f1c00d3e8c86f,False
hoover vacuum cleaner,Lockheed S-3 Viking,CC Attribution,?,36366,18142,2,223,Spark_Customs,https://sketchfab.com/3d-models/none-6a1bace15e8544f8ad732b8ac2f2077f,False
hoover vacuum cleaner,MMU 10062,CC Attribution,?,6020,3010,2,65,CollectedParts,https://sketchfab.com/3d-models/none-fc4c039d05fe4e14af6a44745636e18d,False
upright vacuum,[Paper Mario: Sticker Star] Upright Vacuum,Free Standard,?,1077,649,2,86,Starlight_lambda64,https://sketchfab.com/3d-models/none-d236b4a2acec4c7db61aaad2b3fa682b,False
dyson v11,XYZ HW Detailing | Dyson V11,CC Attribution,?,110186,46459,1,302,iliiakireev,https://sketchfab.com/3d-models/none-27ad6261bde54e26afb2a4164f19a974,False
roomba,XYZ_HW3,CC Attribution-NonCommercial-ShareAlike,?,16022,8414,1,47,romafdgod,https://sketchfab.com/3d-models/none-b349dbe282ab428aa2157f1bd65df6d9,False
roomba,Evil roomba robot,CC Attribution,?,860,438,1,94,saltoc,https://sketchfab.com/3d-models/none-5b01eac95d384bf6872289f24f80c877,False
henry hoover,Henry Hoover 3D Scan,CC Attribution,?,27987,14303,1,108,juliegraham178,https://sketchfab.com/3d-models/none-e76282fe8fe5414e8acfb22e6a0674c8,False
shark vacuum,Shark Vacuum,CC Attribution-NonCommercial-ShareAlike,?,70448,35461,1,33,Zulstrider,https://sketchfab.com/3d-models/none-30a78be0c9c14c17b6db5c514b562bba,False
hoover vacuum cleaner,Vacuum Cleaner,CC Attribution,?,72,48,1,183,ekkurdziel,https://sketchfab.com/3d-models/none-146e717da6a542e0b8f16c4adeeb5b35,False
hoover vacuum cleaner,MMU 10063,CC Attribution,?,13360,6680,1,34,CollectedParts,https://sketchfab.com/3d-models/none-c96acf7c4ce14841a9026ef73af4ae7b,False
hoover vacuum cleaner,MMU 10064,CC Attribution,?,1818,911,1,71,CollectedParts,https://sketchfab.com/3d-models/none-2abeeb97c11344999ca0e93c7e9c25d5,False
shop vac,Shop Vacuum Hose Adapter,CC Attribution,?,13724,6862,1,54,downlow,https://sketchfab.com/3d-models/none-5b6a30a98bb44c7eba10338fdaa37818,False
dyson vacuum,Dyson vacuum cyclone head,CC Attribution,?,913290,455563,0,13,ducc.seaweed,https://sketchfab.com/3d-models/none-b0cf799080cc4630bc50f0089675a52c,False
miele vacuum cleaner,Miele nozzle holder,CC Attribution,?,469510,234735,0,34,Julian7_77,https://sketchfab.com/3d-models/none-8490bc5369b44f8280124f6d97b7f871,False
irobot roomba,Irobot Roomba 580,Free Standard,?,37209,18808,0,48,arturs2.korols2,https://sketchfab.com/3d-models/none-62440d43dac24db4a51a558368d1ba1f,False
bissell vacuum,MMU 10073,CC Attribution,?,1760,878,0,63,CollectedParts,https://sketchfab.com/3d-models/none-c0e1eae12f0949e8a46695ded1e5b686,False
karcher vacuum,Karcher Wd3 Cable Holder Itlu,CC Attribution,?,3206,1605,0,33,Itai.M.Lustgarten,https://sketchfab.com/3d-models/none-436c19fbc67a444d8c69d41ea02941a0,False
electrolux vacuum,Electrolux ZB2952 - 35mm adapter,CC Attribution-ShareAlike,?,1517,742,0,89,trygve55,https://sketchfab.com/3d-models/none-e02a4ce092e14310804ab8cb07e0b2b4,False
shop vac,Circular Saw Dust Collection Adapter,CC Attribution,?,6112,3016,0,514,0jgreen0,https://sketchfab.com/3d-models/none-871bcfc70804439aa55b73eacfbe8fe9,False
